text,summary,title,clickbate_title,
"The fashion industry is shifting towards sustainability with eco-friendly materials like organic cotton and recycled fabrics. Brands are embracing circular fashion, offering repair and recycling programs to extend garment life.

Technology aids this shift with digital fashion reducing waste and 3D printing streamlining production. Consumer trends favor second-hand shopping and rental services, making sustainable fashion more accessible.

These innovations are steering the industry towards a greener, more responsible future.","The fashion industry is embracing sustainability, focusing on eco-friendly materials and ethical practices to reduce its environmental impact.",The Future of Sustainable Fashion,Revolutionizing Fashion: How These Game-Changing Innovations Are Making Your Clothes Greener!, 
"Electric vehicles (EVs) are revolutionizing the automotive industry, offering a cleaner alternative to traditional gasoline-powered cars. Advances in battery technology have significantly increased the range and efficiency of EVs, making them more practical for everyday use.

Governments worldwide are incentivizing EV adoption through tax breaks and subsidies, while automakers are investing heavily in the development of new electric models. Charging infrastructure is expanding rapidly, making it easier for EV owners to charge their vehicles conveniently.

Additionally, the environmental benefits of EVs are substantial. They produce zero tailpipe emissions, reducing air pollution and greenhouse gas emissions. As renewable energy sources become more prevalent, the overall carbon footprint of EVs continues to decrease.

The rise of electric vehicles marks a pivotal shift towards sustainable transportation, paving the way for a greener and cleaner future.","Electric vehicles are transforming the automotive industry, offering eco-friendly alternatives to traditional cars and reducing carbon emissions.",The Rise of Electric Vehicles: Driving Towards a Greener Future,Shocking Secrets Revealed: How Electric Vehicles Are Transforming the Automotive Industry and Saving the Planet!,
"Embracing a plant-based diet has gained popularity not only for its health benefits but also for its positive impact on the environment. Plant-based foods are rich in nutrients and antioxidants, reducing the risk of chronic diseases like heart disease and diabetes.

Moreover, the production of plant-based foods requires fewer resources compared to animal agriculture, leading to lower greenhouse gas emissions and less water usage. By reducing our reliance on animal products, we can mitigate deforestation and habitat destruction associated with livestock farming.

Transitioning to a vegan diet also promotes animal welfare by reducing demand for animal products. With a growing variety of plant-based alternatives available, it's easier than ever to make sustainable and cruelty-free food choices.

By choosing plant-based options, individuals can contribute to a healthier planet while improving their own well-being.","A plant-based diet is becoming popular for its health benefits and positive environmental impact, encouraging more people to reduce meat consumption.",The Power of Plant-Based Eating: How Going Vegan Can Transform Your Health and the Planet,"The Plant-Based Revolution: How Going Vegan Can Supercharge Your Health and Save the Planet!
",
"In today's fast-paced world, mindfulness is emerging as a vital tool for managing stress and enhancing overall well-being. By focusing on the present moment and cultivating awareness of thoughts and emotions, individuals can reduce anxiety and improve mental clarity.

Research suggests that practicing mindfulness regularly can lead to numerous benefits, including better stress management, enhanced emotional regulation, and improved cognitive function. Simple techniques such as deep breathing, meditation, and mindful movement can be integrated into daily routines to promote a sense of calm and inner peace.

Moreover, mindfulness has been shown to have a positive impact on physical health, lowering blood pressure, boosting immune function, and promoting better sleep quality. By incorporating mindfulness practices into their lives, people can experience greater resilience and happiness, navigating life's challenges with greater ease and grace.""","Mindfulness is essential for managing stress in today's fast-paced world, offering techniques to improve mental well-being and overall health.",Unveiling the Healing Power of Mindfulness,Mindfulness: The Secret Weapon for Conquering Stress and Unlocking Inner Peace!,
"Urban gardening is transforming cityscapes worldwide, bringing a touch of green to concrete jungles. This burgeoning movement, driven by environmental awareness and a desire for sustainable living, is gaining momentum among urban dwellers. Rooftops, balconies, and even abandoned lots are being repurposed into lush, productive spaces.

The benefits of urban gardening are multifaceted. It not only enhances the aesthetic appeal of urban areas but also improves air quality and reduces the urban heat island effect. Additionally, it provides city residents with access to fresh, locally grown produce, promoting healthier eating habits and reducing food miles.

Community gardens are fostering social cohesion, allowing neighbors to bond over a shared passion for gardening. These green spaces also serve as educational hubs, where people of all ages can learn about sustainable practices and the importance of biodiversity.

Moreover, urban gardening is empowering individuals to take control of their food sources, fostering a sense of self-sufficiency. As cities continue to grow, the integration of green spaces into urban planning becomes increasingly vital. The rise of urban gardening is not just a trend but a necessary shift towards creating more sustainable and livable cities for future generations.","Urban gardening is revitalizing cities, providing green spaces, improving air quality, and fostering community engagement.",The Rise of Urban Gardening: A Green Revolution in Cities,Transform Your City Life: The Surprising Benefits of Urban Gardening You Never Knew!,
"In today's fast-paced world, finding time to connect with nature can seem challenging. However, emerging research highlights the surprising health benefits of spending time outdoors. From boosting mental well-being to enhancing physical health, nature's therapeutic effects are profound and wide-ranging.

Spending time in green spaces has been shown to reduce stress levels significantly. The calming sounds of birds, rustling leaves, and flowing water help to lower cortisol, the body's primary stress hormone. This natural form of stress relief can improve mood, reduce anxiety, and even combat depression.

Nature also promotes physical health. Activities like hiking, walking, and gardening are excellent forms of exercise that improve cardiovascular health, strengthen muscles, and enhance flexibility. Additionally, exposure to sunlight helps the body produce vitamin D, essential for bone health and immune function.

Cognitive benefits are another crucial aspect. Time spent in nature has been linked to improved attention spans, better memory retention, and enhanced creativity. Children who regularly engage with nature show increased focus and better academic performance.

Incorporating even small doses of nature into daily routines can yield significant health benefits. Whether it's a stroll in the park or a weekend camping trip, reconnecting with the natural world is a simple yet powerful way to boost overall well-being.","Nature's benefits include reduced stress, better mood, and improved physical health.",The Unexpected Health Benefits of Spending Time in Nature,Discover the Shocking Health Benefits of Nature That Doctors Won't Tell You!,
"Plant-based diets are gaining popularity worldwide, driven by concerns over health, sustainability, and animal welfare. By prioritizing fruits, vegetables, grains, and legumes while minimizing or eliminating animal products, these diets offer numerous health benefits.

Research shows that plant-based diets can lower the risk of chronic diseases such as heart disease, diabetes, and certain cancers. They are also associated with better weight management and improved overall well-being.

Moreover, plant-based diets have a lower environmental footprint compared to traditional meat-heavy diets, reducing greenhouse gas emissions, water usage, and land degradation.

With the increasing availability of plant-based alternatives and the endorsement of celebrities and influencers, more people are embracing this dietary shift. Whether for health, ethical, or environmental reasons, the rise of plant-based diets is transforming the way we eat and live.","A plant-based diet is becoming popular for its health benefits and positive environmental impact, encouraging more people to reduce meat consumption.",The Rise of Plant-Based Diets,Shocking! Plant-Based Diets: The Surprising Key to Weight Loss and Environmental Redemption!,
"Exercise is essential for physical and mental health, but where you do it matters more than you might think. Outdoor exercise offers unique advantages that indoor workouts can't match.

Studies show that exercising outdoors can improve mood and reduce stress levels more effectively than indoor exercise. The fresh air and natural surroundings provide a mental boost, enhancing feelings of well-being and vitality.

Additionally, outdoor workouts often involve varied terrain and elements like wind and sunshine, which engage different muscles and challenge balance and coordination. This can lead to greater overall fitness and a more functional body.

Furthermore, being outdoors exposes you to natural light, which helps regulate sleep patterns and boosts vitamin D levels, essential for bone health and immune function.

Next time you lace up your sneakers, consider taking your workout outside for a refreshing change of scenery and a host of added benefits.","Outdoor exercise boosts mental and physical health, providing fresh air and natural surroundings.",The Benefits of Outdoor Exercise: A Breath of Fresh Air for Body and Mind,Outdoor Exercise Unveiled: The Secret Weapon for Happiness and Fitness Revealed!,
"Staying hydrated is crucial for overall health and well-being. Water plays a vital role in nearly every bodily function, from regulating body temperature to aiding digestion and nutrient absorption.

Not getting enough water can lead to dehydration, which can cause fatigue, headaches, and difficulty concentrating. It can also affect physical performance and mood.

To stay properly hydrated, aim to drink at least eight glasses of water a day, or more if you're active or in hot weather. Eating water-rich foods like fruits and vegetables can also contribute to your daily fluid intake.

By prioritizing hydration, you can support your body's functions, maintain energy levels, and promote optimal health.","Drinking water is vital for health, maintaining hydration and supporting bodily functions.",The Importance of Drinking Water,Hydration Hacks: Unlocking the Secrets to Optimal Health and Energy!,
"Reading books isn't just a hobby; it's a gateway to numerous benefits for your mind and overall well-being.

Firstly, reading stimulates the brain, improving cognitive function and memory. It's like a workout for your mind, keeping it sharp and agile.

Additionally, books provide an escape from everyday stressors, transporting you to different worlds and perspectives. This can reduce stress and improve mental health.

Moreover, reading enhances empathy and emotional intelligence by immersing you in characters' experiences and emotions.

Whether it's fiction, non-fiction, or poetry, carving out time to read regularly can have a profound impact on your life, fostering personal growth and enriching your understanding of the world.","Reading enhances knowledge, reduces stress, and improves cognitive function.",The Benefits of Reading Books,Reading Revolution: The Astonishing Benefits of Books That Will Transform Your Life!,
"Regular exercise is crucial for maintaining good health and overall well-being. It offers a myriad of benefits for both the body and mind.

Firstly, exercise helps to keep your heart healthy by improving cardiovascular function and reducing the risk of heart disease. It also strengthens muscles and bones, promoting better posture and reducing the risk of injury.

Furthermore, exercise is essential for managing weight and reducing the risk of obesity. It helps to burn calories, build muscle, and increase metabolism, leading to improved body composition.

Additionally, regular physical activity is linked to better mental health, reducing symptoms of depression, anxiety, and stress. It promotes the release of endorphins, which are chemicals in the brain that act as natural mood lifters.

Incorporating regular exercise into your routine, whether it's walking, jogging, swimming, or cycling, is vital for maintaining a healthy and active lifestyle.","Regular exercise supports overall health, strengthening the body and improving mental well-being.",The Importance of Regular Exercise,The Secret to a Healthier Life: You Won't Believe What Exercise Can Do for You!,
"Mindful eating is more than just a trend; it's a practice with profound benefits for both physical and mental health. By paying attention to what, when, and how we eat, we can cultivate a healthier relationship with food.

One key benefit of mindful eating is improved digestion. When we slow down and savor each bite, we give our bodies time to properly digest and absorb nutrients, reducing the likelihood of digestive issues like bloating and indigestion.

Moreover, mindful eating can help with weight management. By tuning into our body's hunger and fullness cues, we're less likely to overeat and more likely to make healthier food choices.

Additionally, mindful eating promotes a greater sense of enjoyment and satisfaction from meals. By focusing on the sensory experience of eating, we can derive more pleasure from food and feel more satisfied with smaller portions.

Incorporating mindful eating practices into our daily lives can lead to a healthier relationship with food and a greater appreciation for the nourishment it provides.","Mindful eating encourages healthier eating habits, promoting better digestion and overall wellness.",The Benefits of Mindful Eating,The Mindful Eating Revolution: How This Simple Practice Can Transform Your Health and Relationship with Food!,
"Getting enough sleep is essential for overall health and well-being. During sleep, the body repairs and rejuvenates itself, ensuring optimal physical and mental functioning.

Adequate sleep is crucial for cognitive function, memory consolidation, and learning. It also plays a vital role in mood regulation, with insufficient sleep linked to increased irritability, stress, and anxiety.

Furthermore, sleep is essential for immune function, helping the body fight off infections and diseases. Chronic sleep deprivation can weaken the immune system, making individuals more susceptible to illness.

Moreover, sleep plays a significant role in maintaining a healthy weight and metabolism. Lack of sleep can disrupt hunger hormones, leading to increased appetite and weight gain over time.

Prioritizing sleep by establishing a consistent bedtime routine and creating a conducive sleep environment is crucial for overall health and well-being.","Adequate sleep is crucial for health, affecting mood, cognitive function, and physical well-being.", The Importance of Getting Enough Sleep,Sleep Secrets Unveiled: The Astonishing Impact of Quality Rest on Your Health and Happiness!,
"Green tea is more than just a soothing beverage; it's packed with health benefits that make it a smart choice for daily consumption.

Firstly, green tea is rich in antioxidants, particularly catechins, which help to fight inflammation and protect cells from damage. This can lower the risk of chronic diseases like heart disease and certain cancers.

Moreover, green tea contains compounds that may boost metabolism and promote fat loss, making it a valuable tool for weight management when combined with a healthy diet and exercise.

Additionally, green tea has been linked to improved brain function and a reduced risk of cognitive decline with aging. The combination of caffeine and L-theanine in green tea can enhance alertness and focus without the jittery side effects associated with coffee.

Lastly, green tea may support overall longevity and promote healthy aging thanks to its protective effects on various aspects of health.

Incorporating green tea into your daily routine can be a simple yet effective way to support your health and well-being.","Green tea offers numerous health benefits, including antioxidants and improved metabolism.",The Benefits of Drinking Green Tea,Green Tea Magic: Unlocking the Secret Benefits for a Healthier You!,
"Practicing gratitude is more than just saying ""thank you""; it's a powerful tool for improving mental and emotional well-being.

Firstly, gratitude helps to shift focus from what we lack to what we have, fostering a sense of abundance and contentment. This can lead to greater overall happiness and life satisfaction.

Moreover, expressing gratitude can strengthen relationships by fostering feelings of appreciation and connection. It builds a positive feedback loop, encouraging others to reciprocate acts of kindness.

Additionally, gratitude has been linked to improved physical health, including better sleep, reduced stress levels, and a stronger immune system. The act of acknowledging and appreciating the good in our lives can have profound effects on our overall health and vitality.

Incorporating simple practices like keeping a gratitude journal or expressing thanks regularly can cultivate a mindset of gratitude, leading to greater resilience and well-being.
","Practicing gratitude enhances mental health, fostering positivity and improving relationships.",The Benefits of Practicing Gratitude,Gratitude Unleashed: The Surprising Key to Unlocking Joy and Fulfillment in Your Life!,
"Bringing a furry friend into your home can bring joy and numerous health benefits.

Firstly, pets provide companionship and unconditional love, reducing feelings of loneliness and stress. Studies show that pet owners have lower blood pressure and cholesterol levels, leading to a reduced risk of heart disease.

Moreover, owning a pet encourages physical activity. Whether walking a dog or playing with a cat, the daily exercise routine helps maintain a healthy weight and promotes cardiovascular health.

Furthermore, pets can improve mental health by providing emotional support and reducing symptoms of anxiety and depression. The bond between humans and animals has a calming effect, boosting mood and overall well-being.

Additionally, caring for a pet teaches responsibility and empathy, especially in children. It fosters a sense of purpose and can help develop important life skills.

Considering the many benefits, adopting a pet not only enriches your life but also saves a life. Whether from a shelter or a rescue organization, giving a pet a loving home is a rewarding experience for both you and your new companion.","Adopting a pet brings joy, companionship, and emotional benefits.",The Benefits of Adopting a Pet, Pet Power Unleashed: Discover the Astonishing Benefits of Welcoming a Furry Friend into Your Life!,
"Regular cleaning is essential for maintaining a healthy and comfortable living environment.

Firstly, cleaning helps to remove dirt, dust, and allergens from surfaces, improving indoor air quality and reducing the risk of respiratory problems.

Moreover, regular cleaning helps to prevent the spread of germs and bacteria, reducing the likelihood of illness and infection.

Furthermore, keeping living spaces clean and organized can have a positive impact on mental health, reducing stress and promoting a sense of calm and well-being.

Additionally, regular cleaning extends the lifespan of furniture, appliances, and other household items, saving money in the long run by reducing the need for repairs and replacements.

Incorporating a regular cleaning routine into your schedule, including tasks such as vacuuming, dusting, and disinfecting, is crucial for maintaining a healthy and happy home.","Regular cleaning ensures a healthy living environment, reducing allergens and bacteria.",The Importance of Regular Cleaning,Shocking! The Hidden Dangers Lurking in Your Home - Why Regular Cleaning is Your Ultimate Defense!,
"In cities worldwide, a quiet revolution is taking root: urban agriculture. As concrete jungles expand, so does the desire for locally sourced food and sustainable living. Urbanites are reclaiming abandoned lots, rooftops, and even vertical spaces to cultivate everything from fruits and vegetables to herbs and flowers.

This movement offers a host of benefits. Firstly, it promotes food security by reducing reliance on distant farms and mitigating the impact of transportation emissions. Secondly, it reconnects communities with the food they consume, fostering a deeper understanding of agriculture's complexities. Moreover, urban agriculture introduces green spaces into urban environments, improving air quality and biodiversity.

Cities are embracing this trend through initiatives like community gardens, farmers' markets, and educational programs. Governments are incentivizing urban farming through subsidies and zoning regulations that support agricultural endeavors within city limits.

However, challenges remain, including access to land, water, and funding, as well as navigating regulatory hurdles. Nonetheless, the momentum behind urban agriculture suggests a promising future where cities can sustainably feed themselves while fostering greener, healthier communities.","Urban agriculture transforms cities, providing fresh produce and improving community ties.",Rise of Urban Agriculture,From Concrete to Crops: The Surprising Urban Farming Revolution You Need to See!,
"Meditation, once seen as a niche practice, is now gaining mainstream recognition for its numerous benefits. With just a few minutes a day, individuals can experience reduced stress, improved focus, and enhanced overall well-being. Research shows that regular meditation can lower blood pressure, boost immune function, and promote emotional resilience.

One of the most appealing aspects of meditation is its accessibility. It requires no special equipment or training—just a quiet space and a willingness to sit with oneself. Whether through mindfulness, focused breathing, or guided meditation apps, there are various techniques to suit different preferences.

In today's fast-paced world, carving out time for meditation can seem challenging. However, the investment pays off in increased productivity, better decision-making, and a greater sense of inner peace. As more people discover the transformative power of meditation, its popularity continues to grow, offering a simple yet profound path to a healthier, happier life.","Mindfulness is essential for managing stress in today's fast-paced world, offering techniques to improve mental well-being and overall health.",The Benefits of Meditation,Unlock Your Full Potential: The Secret Benefits of Meditation Revealed!,
"In our fast-paced lives, mastering time management is essential for success and well-being. Effective time management allows us to prioritize tasks, minimize stress, and make the most of each day.

Start by setting clear goals and breaking them down into actionable steps. Use tools like to-do lists, calendars, and time-blocking techniques to stay organized and focused. Learn to delegate tasks when necessary and don't forget to schedule regular breaks to recharge.

Avoid procrastination by tackling challenging tasks first and minimizing distractions. Practice saying no to non-essential commitments to avoid overloading your schedule.

By honing your time management skills, you'll find yourself more productive, less stressed, and better able to achieve your goals. So, take control of your time today and unlock your full potential!
",Effective time management boosts productivity and reduces stress.,The Art of Time Management,Time Management Secrets: How to Supercharge Your Productivity and Conquer Your Day!,
"Walking, a simple yet powerful form of exercise, offers numerous health benefits. It improves cardiovascular health, strengthens muscles, and aids in weight management. Additionally, walking boosts mood and reduces stress by triggering the release of endorphins.

One of the best things about walking is its accessibility. It requires no special equipment—just a pair of comfortable shoes and a willingness to step outside. Whether it's a brisk stroll around the neighborhood or a leisurely walk in the park, incorporating walking into your daily routine is easy and enjoyable.

Research shows that regular walking can lower the risk of chronic diseases like heart disease, diabetes, and certain cancers. It also promotes longevity and enhances overall quality of life.

So, lace up your shoes and start reaping the rewards of this simple yet effective form of exercise. Your body and mind will thank you for it!","Walking improves health, offering a simple and accessible form of exercise.",The Benefits of Walking,Walk Your Way to a Healthier You: The Surprising Benefits of Daily Strolls Revealed!,
"Positive thinking isn't just a cliché—it's a powerful tool for improving mental health and overall well-being. By focusing on the good in any situation, individuals can reduce stress, increase resilience, and boost self-esteem.

Practicing gratitude is a key component of positive thinking. Taking time each day to acknowledge and appreciate the positive aspects of life can shift perspective and promote a more optimistic outlook.

Research shows that positive thinking can also have physical health benefits, such as strengthening the immune system and reducing the risk of chronic diseases.

Incorporating positive affirmations and visualization techniques into daily routines can further enhance the effects of positive thinking.

By cultivating a positive mindset, individuals can transform their lives and approach challenges with confidence and optimism. So, embrace the power of positive thinking and watch as it brings greater joy and fulfillment into your life.",Positive thinking enhances mental well-being and resilience.,The Power of Positive Thinking,Unlock the Secret to Happiness: The Life-Changing Power of Positive Thinking Revealed!,
"Sleep is a cornerstone of good health, yet it's often overlooked in today's busy world. Quality sleep is essential for physical and mental well-being, playing a crucial role in hormone regulation, immune function, and cognitive performance.

Consistent, adequate sleep is linked to improved mood, sharper focus, and better decision-making. On the other hand, chronic sleep deprivation can lead to a range of health issues, including obesity, heart disease, and impaired immune function.

Establishing a regular sleep schedule, creating a relaxing bedtime routine, and optimizing sleep environment are key strategies for improving sleep quality. Avoiding caffeine and electronic screens before bedtime can also promote better sleep.

Prioritizing sleep is not a luxury—it's a necessity for optimal health and functioning. By making sleep a priority, individuals can reap the benefits of improved physical and mental well-being, leading to a happier, healthier life.","Proper sleep is essential for physical and mental health, impacting overall well-being.",The Importance of Sleep,"Unlock Your Full Potential: The Sleep Secrets You Need for a Healthier, Happier Life!",
"In today's fast-paced world, the simple pleasure of reading is often overlooked. Yet, diving into a good book offers numerous benefits beyond entertainment. Reading stimulates the mind, improves vocabulary, and enhances cognitive function. It transports us to different worlds, broadening perspectives and fostering empathy. Moreover, regular reading reduces stress, promotes relaxation, and improves sleep quality. With a vast array of genres and formats available, there's something for everyone, whether it's fiction, non-fiction, or poetry. So, dust off that bookshelf or download an e-book and immerse yourself in the joy of reading—it's a rewarding habit that nourishes the soul and enriches life in countless ways.





","Reading brings joy and intellectual stimulation, offering a mental escape.",The Joy of Reading,"Unlock the Secrets to a Happier, Smarter You: The Incredible Benefits of Reading Revealed!",
"Cooking isn't just about preparing meals; it's a creative and rewarding endeavor with numerous benefits. By cooking at home, individuals can control ingredients, portion sizes, and cooking methods, leading to healthier meals and better nutrition. Moreover, cooking fosters a sense of accomplishment and self-sufficiency, boosting confidence in the kitchen and beyond. It's also a great way to bond with family and friends, whether it's sharing recipes, cooking together, or enjoying a homemade meal. With the abundance of recipes available online and in cookbooks, anyone can become a proficient cook with a bit of practice and experimentation. So, roll up your sleeves, sharpen your knives, and embark on a culinary adventure—it's a journey that nourishes both body and soul.",Cooking at home promotes healthier eating and culinary skills.,The Art of Cooking,Become a Culinary Master: Unleash Your Inner Chef with These Cooking Secrets!,
"Gardening offers more than just a beautiful outdoor space—it provides a myriad of physical, mental, and emotional benefits. Spending time in the garden can reduce stress, anxiety, and depression, while also promoting relaxation and mindfulness. It's a great way to stay active and get some exercise, whether it's planting, weeding, or harvesting. Additionally, gardening encourages healthier eating habits by providing access to fresh, homegrown produce. It fosters a sense of accomplishment and connection to nature, nurturing a greater appreciation for the environment. Whether you have a spacious backyard or a small balcony, anyone can enjoy the therapeutic joys of gardening. So grab your trowel and gloves, and start reaping the rewards of this fulfilling hobby.","Mindfulness is essential for managing stress in today's fast-paced world, offering techniques to improve mental well-being and overall health.",The Benefits of Gardening,"Secrets of the Green Thumb: Discover the Hidden Benefits of Gardening for Your Mind, Body, and Soul!",
"Maintaining good hygiene is crucial for overall health and well-being. Proper hygiene practices, such as regular handwashing, dental care, and bathing, help prevent the spread of germs and infections. They also promote personal grooming, boosting self-esteem and confidence. Teaching children about hygiene from a young age instills lifelong habits that contribute to a healthier lifestyle. Additionally, practicing good hygiene habits can prevent unpleasant odors and skin conditions. By prioritizing hygiene, individuals can protect themselves and those around them from illness, while also feeling clean, refreshed, and more comfortable in their own skin.","Good hygiene is essential for health, preventing illness and promoting cleanliness.",The Importance of Hygiene,"Hygiene Hacks: Unveiling the Secrets to a Healthier, Fresher You!",
"Journaling is more than just putting pen to paper—it's a powerful tool for self-expression and personal growth. Writing down thoughts, feelings, and experiences can help clarify emotions, reduce stress, and improve mental health. It's a safe space to explore creativity, set goals, and track progress. Additionally, journaling promotes mindfulness and self-awareness, allowing individuals to better understand themselves and their motivations. Whether it's a daily reflection, gratitude journal, or creative writing exercise, incorporating journaling into your routine can lead to greater clarity, resilience, and overall well-being. So, grab a notebook and start writing your way to a happier, healthier you!","Mindfulness is essential for managing stress in today's fast-paced world, offering techniques to improve mental well-being and overall health.","
The Benefits of Journaling",Unlock Your Inner Secrets: Transform Your Life with the Power of Journaling!,
"In our fast-paced world, the idea of slowing down might seem counterintuitive. However, a simple practice like mindful walking can offer a myriad of benefits. Unlike the rush of daily life, mindful walking encourages individuals to pay attention to each step, each breath, and each sensation.

Research suggests that mindful walking can reduce stress, improve mood, and enhance overall well-being. By bringing awareness to the present moment, individuals can experience a sense of calm and clarity. Moreover, walking in nature amplifies these effects, connecting people with the natural world and fostering a deeper appreciation for the environment.

Beyond mental health benefits, mindful walking also promotes physical health. It encourages movement, which is crucial for maintaining a healthy lifestyle. Additionally, it can improve posture, balance, and coordination.

Incorporating mindful walking into daily routines doesn't require special equipment or a significant time commitment. It's a simple practice that can be done anywhere, anytime. Whether it's a leisurely stroll in the park or a brief walk around the neighborhood, taking the time to be present and mindful can make a world of difference in one's overall well-being.","Mindful walking combines exercise and mindfulness, reducing stress and improving focus.",The Surprising Benefits of Mindful Walking,10 Shocking Secrets Your Grocery Store Doesn't Want You to Know!,