text,summary,title,clickbate_title
"The fashion industry is shifting towards sustainability with eco-friendly materials like organic cotton and recycled fabrics. Brands are embracing circular fashion, offering repair and recycling programs to extend garment life.

Technology aids this shift with digital fashion reducing waste and 3D printing streamlining production. Consumer trends favor second-hand shopping and rental services, making sustainable fashion more accessible.

These innovations are steering the industry towards a greener, more responsible future.","The fashion industry is embracing sustainability, focusing on eco-friendly materials and ethical practices to reduce its environmental impact.",The Future of Sustainable Fashion,Revolutionizing Fashion: How These Game-Changing Innovations Are Making Your Clothes Greener!
"Electric vehicles (EVs) are revolutionizing the automotive industry, offering a cleaner alternative to traditional gasoline-powered cars. Advances in battery technology have significantly increased the range and efficiency of EVs, making them more practical for everyday use.

Governments worldwide are incentivizing EV adoption through tax breaks and subsidies, while automakers are investing heavily in the development of new electric models. Charging infrastructure is expanding rapidly, making it easier for EV owners to charge their vehicles conveniently.

Additionally, the environmental benefits of EVs are substantial. They produce zero tailpipe emissions, reducing air pollution and greenhouse gas emissions. As renewable energy sources become more prevalent, the overall carbon footprint of EVs continues to decrease.

The rise of electric vehicles marks a pivotal shift towards sustainable transportation, paving the way for a greener and cleaner future.","Electric vehicles are transforming the automotive industry, offering eco-friendly alternatives to traditional cars and reducing carbon emissions.",The Rise of Electric Vehicles: Driving Towards a Greener Future,Shocking Secrets Revealed: How Electric Vehicles Are Transforming the Automotive Industry and Saving the Planet!
"Embracing a plant-based diet has gained popularity not only for its health benefits but also for its positive impact on the environment. Plant-based foods are rich in nutrients and antioxidants, reducing the risk of chronic diseases like heart disease and diabetes.

Moreover, the production of plant-based foods requires fewer resources compared to animal agriculture, leading to lower greenhouse gas emissions and less water usage. By reducing our reliance on animal products, we can mitigate deforestation and habitat destruction associated with livestock farming.

Transitioning to a vegan diet also promotes animal welfare by reducing demand for animal products. With a growing variety of plant-based alternatives available, it's easier than ever to make sustainable and cruelty-free food choices.

By choosing plant-based options, individuals can contribute to a healthier planet while improving their own well-being.","A plant-based diet is becoming popular for its health benefits and positive environmental impact, encouraging more people to reduce meat consumption.",The Power of Plant-Based Eating: How Going Vegan Can Transform Your Health and the Planet,"The Plant-Based Revolution: How Going Vegan Can Supercharge Your Health and Save the Planet!
"
"In today's fast-paced world, mindfulness is emerging as a vital tool for managing stress and enhancing overall well-being. By focusing on the present moment and cultivating awareness of thoughts and emotions, individuals can reduce anxiety and improve mental clarity.

Research suggests that practicing mindfulness regularly can lead to numerous benefits, including better stress management, enhanced emotional regulation, and improved cognitive function. Simple techniques such as deep breathing, meditation, and mindful movement can be integrated into daily routines to promote a sense of calm and inner peace.

Moreover, mindfulness has been shown to have a positive impact on physical health, lowering blood pressure, boosting immune function, and promoting better sleep quality. By incorporating mindfulness practices into their lives, people can experience greater resilience and happiness, navigating life's challenges with greater ease and grace.""","Mindfulness is essential for managing stress in today's fast-paced world, offering techniques to improve mental well-being and overall health.",Unveiling the Healing Power of Mindfulness,Mindfulness: The Secret Weapon for Conquering Stress and Unlocking Inner Peace!
"Urban gardening is transforming cityscapes worldwide, bringing a touch of green to concrete jungles. This burgeoning movement, driven by environmental awareness and a desire for sustainable living, is gaining momentum among urban dwellers. Rooftops, balconies, and even abandoned lots are being repurposed into lush, productive spaces.

The benefits of urban gardening are multifaceted. It not only enhances the aesthetic appeal of urban areas but also improves air quality and reduces the urban heat island effect. Additionally, it provides city residents with access to fresh, locally grown produce, promoting healthier eating habits and reducing food miles.

Community gardens are fostering social cohesion, allowing neighbors to bond over a shared passion for gardening. These green spaces also serve as educational hubs, where people of all ages can learn about sustainable practices and the importance of biodiversity.

Moreover, urban gardening is empowering individuals to take control of their food sources, fostering a sense of self-sufficiency. As cities continue to grow, the integration of green spaces into urban planning becomes increasingly vital. The rise of urban gardening is not just a trend but a necessary shift towards creating more sustainable and livable cities for future generations.","Urban gardening is revitalizing cities, providing green spaces, improving air quality, and fostering community engagement.",The Rise of Urban Gardening: A Green Revolution in Cities,Transform Your City Life: The Surprising Benefits of Urban Gardening You Never Knew!
"In today's fast-paced world, finding time to connect with nature can seem challenging. However, emerging research highlights the surprising health benefits of spending time outdoors. From boosting mental well-being to enhancing physical health, nature's therapeutic effects are profound and wide-ranging.

Spending time in green spaces has been shown to reduce stress levels significantly. The calming sounds of birds, rustling leaves, and flowing water help to lower cortisol, the body's primary stress hormone. This natural form of stress relief can improve mood, reduce anxiety, and even combat depression.

Nature also promotes physical health. Activities like hiking, walking, and gardening are excellent forms of exercise that improve cardiovascular health, strengthen muscles, and enhance flexibility. Additionally, exposure to sunlight helps the body produce vitamin D, essential for bone health and immune function.

Cognitive benefits are another crucial aspect. Time spent in nature has been linked to improved attention spans, better memory retention, and enhanced creativity. Children who regularly engage with nature show increased focus and better academic performance.

Incorporating even small doses of nature into daily routines can yield significant health benefits. Whether it's a stroll in the park or a weekend camping trip, reconnecting with the natural world is a simple yet powerful way to boost overall well-being.","Nature's benefits include reduced stress, better mood, and improved physical health.",The Unexpected Health Benefits of Spending Time in Nature,Discover the Shocking Health Benefits of Nature That Doctors Won't Tell You!
"Plant-based diets are gaining popularity worldwide, driven by concerns over health, sustainability, and animal welfare. By prioritizing fruits, vegetables, grains, and legumes while minimizing or eliminating animal products, these diets offer numerous health benefits.

Research shows that plant-based diets can lower the risk of chronic diseases such as heart disease, diabetes, and certain cancers. They are also associated with better weight management and improved overall well-being.

Moreover, plant-based diets have a lower environmental footprint compared to traditional meat-heavy diets, reducing greenhouse gas emissions, water usage, and land degradation.

With the increasing availability of plant-based alternatives and the endorsement of celebrities and influencers, more people are embracing this dietary shift. Whether for health, ethical, or environmental reasons, the rise of plant-based diets is transforming the way we eat and live.","A plant-based diet is becoming popular for its health benefits and positive environmental impact, encouraging more people to reduce meat consumption.",The Rise of Plant-Based Diets,Shocking! Plant-Based Diets: The Surprising Key to Weight Loss and Environmental Redemption!
"Exercise is essential for physical and mental health, but where you do it matters more than you might think. Outdoor exercise offers unique advantages that indoor workouts can't match.

Studies show that exercising outdoors can improve mood and reduce stress levels more effectively than indoor exercise. The fresh air and natural surroundings provide a mental boost, enhancing feelings of well-being and vitality.

Additionally, outdoor workouts often involve varied terrain and elements like wind and sunshine, which engage different muscles and challenge balance and coordination. This can lead to greater overall fitness and a more functional body.

Furthermore, being outdoors exposes you to natural light, which helps regulate sleep patterns and boosts vitamin D levels, essential for bone health and immune function.

Next time you lace up your sneakers, consider taking your workout outside for a refreshing change of scenery and a host of added benefits.","Outdoor exercise boosts mental and physical health, providing fresh air and natural surroundings.",The Benefits of Outdoor Exercise: A Breath of Fresh Air for Body and Mind,Outdoor Exercise Unveiled: The Secret Weapon for Happiness and Fitness Revealed!
"Staying hydrated is crucial for overall health and well-being. Water plays a vital role in nearly every bodily function, from regulating body temperature to aiding digestion and nutrient absorption.

Not getting enough water can lead to dehydration, which can cause fatigue, headaches, and difficulty concentrating. It can also affect physical performance and mood.

To stay properly hydrated, aim to drink at least eight glasses of water a day, or more if you're active or in hot weather. Eating water-rich foods like fruits and vegetables can also contribute to your daily fluid intake.

By prioritizing hydration, you can support your body's functions, maintain energy levels, and promote optimal health.","Drinking water is vital for health, maintaining hydration and supporting bodily functions.",The Importance of Drinking Water,Hydration Hacks: Unlocking the Secrets to Optimal Health and Energy!
"Reading books isn't just a hobby; it's a gateway to numerous benefits for your mind and overall well-being.

Firstly, reading stimulates the brain, improving cognitive function and memory. It's like a workout for your mind, keeping it sharp and agile.

Additionally, books provide an escape from everyday stressors, transporting you to different worlds and perspectives. This can reduce stress and improve mental health.

Moreover, reading enhances empathy and emotional intelligence by immersing you in characters' experiences and emotions.

Whether it's fiction, non-fiction, or poetry, carving out time to read regularly can have a profound impact on your life, fostering personal growth and enriching your understanding of the world.","Reading enhances knowledge, reduces stress, and improves cognitive function.",The Benefits of Reading Books,Reading Revolution: The Astonishing Benefits of Books That Will Transform Your Life!
"Regular exercise is crucial for maintaining good health and overall well-being. It offers a myriad of benefits for both the body and mind.

Firstly, exercise helps to keep your heart healthy by improving cardiovascular function and reducing the risk of heart disease. It also strengthens muscles and bones, promoting better posture and reducing the risk of injury.

Furthermore, exercise is essential for managing weight and reducing the risk of obesity. It helps to burn calories, build muscle, and increase metabolism, leading to improved body composition.

Additionally, regular physical activity is linked to better mental health, reducing symptoms of depression, anxiety, and stress. It promotes the release of endorphins, which are chemicals in the brain that act as natural mood lifters.

Incorporating regular exercise into your routine, whether it's walking, jogging, swimming, or cycling, is vital for maintaining a healthy and active lifestyle.","Regular exercise supports overall health, strengthening the body and improving mental well-being.",The Importance of Regular Exercise,The Secret to a Healthier Life: You Won't Believe What Exercise Can Do for You!
"Mindful eating is more than just a trend; it's a practice with profound benefits for both physical and mental health. By paying attention to what, when, and how we eat, we can cultivate a healthier relationship with food.

One key benefit of mindful eating is improved digestion. When we slow down and savor each bite, we give our bodies time to properly digest and absorb nutrients, reducing the likelihood of digestive issues like bloating and indigestion.

Moreover, mindful eating can help with weight management. By tuning into our body's hunger and fullness cues, we're less likely to overeat and more likely to make healthier food choices.

Additionally, mindful eating promotes a greater sense of enjoyment and satisfaction from meals. By focusing on the sensory experience of eating, we can derive more pleasure from food and feel more satisfied with smaller portions.

Incorporating mindful eating practices into our daily lives can lead to a healthier relationship with food and a greater appreciation for the nourishment it provides.","Mindful eating encourages healthier eating habits, promoting better digestion and overall wellness.",The Benefits of Mindful Eating,The Mindful Eating Revolution: How This Simple Practice Can Transform Your Health and Relationship with Food!
"Getting enough sleep is essential for overall health and well-being. During sleep, the body repairs and rejuvenates itself, ensuring optimal physical and mental functioning.

Adequate sleep is crucial for cognitive function, memory consolidation, and learning. It also plays a vital role in mood regulation, with insufficient sleep linked to increased irritability, stress, and anxiety.

Furthermore, sleep is essential for immune function, helping the body fight off infections and diseases. Chronic sleep deprivation can weaken the immune system, making individuals more susceptible to illness.

Moreover, sleep plays a significant role in maintaining a healthy weight and metabolism. Lack of sleep can disrupt hunger hormones, leading to increased appetite and weight gain over time.

Prioritizing sleep by establishing a consistent bedtime routine and creating a conducive sleep environment is crucial for overall health and well-being.","Adequate sleep is crucial for health, affecting mood, cognitive function, and physical well-being.", The Importance of Getting Enough Sleep,Sleep Secrets Unveiled: The Astonishing Impact of Quality Rest on Your Health and Happiness!
"Green tea is more than just a soothing beverage; it's packed with health benefits that make it a smart choice for daily consumption.

Firstly, green tea is rich in antioxidants, particularly catechins, which help to fight inflammation and protect cells from damage. This can lower the risk of chronic diseases like heart disease and certain cancers.

Moreover, green tea contains compounds that may boost metabolism and promote fat loss, making it a valuable tool for weight management when combined with a healthy diet and exercise.

Additionally, green tea has been linked to improved brain function and a reduced risk of cognitive decline with aging. The combination of caffeine and L-theanine in green tea can enhance alertness and focus without the jittery side effects associated with coffee.

Lastly, green tea may support overall longevity and promote healthy aging thanks to its protective effects on various aspects of health.

Incorporating green tea into your daily routine can be a simple yet effective way to support your health and well-being.","Green tea offers numerous health benefits, including antioxidants and improved metabolism.",The Benefits of Drinking Green Tea,Green Tea Magic: Unlocking the Secret Benefits for a Healthier You!
"Practicing gratitude is more than just saying ""thank you""; it's a powerful tool for improving mental and emotional well-being.

Firstly, gratitude helps to shift focus from what we lack to what we have, fostering a sense of abundance and contentment. This can lead to greater overall happiness and life satisfaction.

Moreover, expressing gratitude can strengthen relationships by fostering feelings of appreciation and connection. It builds a positive feedback loop, encouraging others to reciprocate acts of kindness.

Additionally, gratitude has been linked to improved physical health, including better sleep, reduced stress levels, and a stronger immune system. The act of acknowledging and appreciating the good in our lives can have profound effects on our overall health and vitality.

Incorporating simple practices like keeping a gratitude journal or expressing thanks regularly can cultivate a mindset of gratitude, leading to greater resilience and well-being.
","Practicing gratitude enhances mental health, fostering positivity and improving relationships.",The Benefits of Practicing Gratitude,Gratitude Unleashed: The Surprising Key to Unlocking Joy and Fulfillment in Your Life!
"Bringing a furry friend into your home can bring joy and numerous health benefits.

Firstly, pets provide companionship and unconditional love, reducing feelings of loneliness and stress. Studies show that pet owners have lower blood pressure and cholesterol levels, leading to a reduced risk of heart disease.

Moreover, owning a pet encourages physical activity. Whether walking a dog or playing with a cat, the daily exercise routine helps maintain a healthy weight and promotes cardiovascular health.

Furthermore, pets can improve mental health by providing emotional support and reducing symptoms of anxiety and depression. The bond between humans and animals has a calming effect, boosting mood and overall well-being.

Additionally, caring for a pet teaches responsibility and empathy, especially in children. It fosters a sense of purpose and can help develop important life skills.

Considering the many benefits, adopting a pet not only enriches your life but also saves a life. Whether from a shelter or a rescue organization, giving a pet a loving home is a rewarding experience for both you and your new companion.","Adopting a pet brings joy, companionship, and emotional benefits.",The Benefits of Adopting a Pet, Pet Power Unleashed: Discover the Astonishing Benefits of Welcoming a Furry Friend into Your Life!
"Regular cleaning is essential for maintaining a healthy and comfortable living environment.

Firstly, cleaning helps to remove dirt, dust, and allergens from surfaces, improving indoor air quality and reducing the risk of respiratory problems.

Moreover, regular cleaning helps to prevent the spread of germs and bacteria, reducing the likelihood of illness and infection.

Furthermore, keeping living spaces clean and organized can have a positive impact on mental health, reducing stress and promoting a sense of calm and well-being.

Additionally, regular cleaning extends the lifespan of furniture, appliances, and other household items, saving money in the long run by reducing the need for repairs and replacements.

Incorporating a regular cleaning routine into your schedule, including tasks such as vacuuming, dusting, and disinfecting, is crucial for maintaining a healthy and happy home.","Regular cleaning ensures a healthy living environment, reducing allergens and bacteria.",The Importance of Regular Cleaning,Shocking! The Hidden Dangers Lurking in Your Home - Why Regular Cleaning is Your Ultimate Defense!
"In cities worldwide, a quiet revolution is taking root: urban agriculture. As concrete jungles expand, so does the desire for locally sourced food and sustainable living. Urbanites are reclaiming abandoned lots, rooftops, and even vertical spaces to cultivate everything from fruits and vegetables to herbs and flowers.

This movement offers a host of benefits. Firstly, it promotes food security by reducing reliance on distant farms and mitigating the impact of transportation emissions. Secondly, it reconnects communities with the food they consume, fostering a deeper understanding of agriculture's complexities. Moreover, urban agriculture introduces green spaces into urban environments, improving air quality and biodiversity.

Cities are embracing this trend through initiatives like community gardens, farmers' markets, and educational programs. Governments are incentivizing urban farming through subsidies and zoning regulations that support agricultural endeavors within city limits.

However, challenges remain, including access to land, water, and funding, as well as navigating regulatory hurdles. Nonetheless, the momentum behind urban agriculture suggests a promising future where cities can sustainably feed themselves while fostering greener, healthier communities.","Urban agriculture transforms cities, providing fresh produce and improving community ties.",Rise of Urban Agriculture,From Concrete to Crops: The Surprising Urban Farming Revolution You Need to See!
"Meditation, once seen as a niche practice, is now gaining mainstream recognition for its numerous benefits. With just a few minutes a day, individuals can experience reduced stress, improved focus, and enhanced overall well-being. Research shows that regular meditation can lower blood pressure, boost immune function, and promote emotional resilience.

One of the most appealing aspects of meditation is its accessibility. It requires no special equipment or training—just a quiet space and a willingness to sit with oneself. Whether through mindfulness, focused breathing, or guided meditation apps, there are various techniques to suit different preferences.

In today's fast-paced world, carving out time for meditation can seem challenging. However, the investment pays off in increased productivity, better decision-making, and a greater sense of inner peace. As more people discover the transformative power of meditation, its popularity continues to grow, offering a simple yet profound path to a healthier, happier life.","Mindfulness is essential for managing stress in today's fast-paced world, offering techniques to improve mental well-being and overall health.",The Benefits of Meditation,Unlock Your Full Potential: The Secret Benefits of Meditation Revealed!
"In our fast-paced lives, mastering time management is essential for success and well-being. Effective time management allows us to prioritize tasks, minimize stress, and make the most of each day.

Start by setting clear goals and breaking them down into actionable steps. Use tools like to-do lists, calendars, and time-blocking techniques to stay organized and focused. Learn to delegate tasks when necessary and don't forget to schedule regular breaks to recharge.

Avoid procrastination by tackling challenging tasks first and minimizing distractions. Practice saying no to non-essential commitments to avoid overloading your schedule.

By honing your time management skills, you'll find yourself more productive, less stressed, and better able to achieve your goals. So, take control of your time today and unlock your full potential!
",Effective time management boosts productivity and reduces stress.,The Art of Time Management,Time Management Secrets: How to Supercharge Your Productivity and Conquer Your Day!
"Walking, a simple yet powerful form of exercise, offers numerous health benefits. It improves cardiovascular health, strengthens muscles, and aids in weight management. Additionally, walking boosts mood and reduces stress by triggering the release of endorphins.

One of the best things about walking is its accessibility. It requires no special equipment—just a pair of comfortable shoes and a willingness to step outside. Whether it's a brisk stroll around the neighborhood or a leisurely walk in the park, incorporating walking into your daily routine is easy and enjoyable.

Research shows that regular walking can lower the risk of chronic diseases like heart disease, diabetes, and certain cancers. It also promotes longevity and enhances overall quality of life.

So, lace up your shoes and start reaping the rewards of this simple yet effective form of exercise. Your body and mind will thank you for it!","Walking improves health, offering a simple and accessible form of exercise.",The Benefits of Walking,Walk Your Way to a Healthier You: The Surprising Benefits of Daily Strolls Revealed!
"Positive thinking isn't just a cliché—it's a powerful tool for improving mental health and overall well-being. By focusing on the good in any situation, individuals can reduce stress, increase resilience, and boost self-esteem.

Practicing gratitude is a key component of positive thinking. Taking time each day to acknowledge and appreciate the positive aspects of life can shift perspective and promote a more optimistic outlook.

Research shows that positive thinking can also have physical health benefits, such as strengthening the immune system and reducing the risk of chronic diseases.

Incorporating positive affirmations and visualization techniques into daily routines can further enhance the effects of positive thinking.

By cultivating a positive mindset, individuals can transform their lives and approach challenges with confidence and optimism. So, embrace the power of positive thinking and watch as it brings greater joy and fulfillment into your life.",Positive thinking enhances mental well-being and resilience.,The Power of Positive Thinking,Unlock the Secret to Happiness: The Life-Changing Power of Positive Thinking Revealed!
"Sleep is a cornerstone of good health, yet it's often overlooked in today's busy world. Quality sleep is essential for physical and mental well-being, playing a crucial role in hormone regulation, immune function, and cognitive performance.

Consistent, adequate sleep is linked to improved mood, sharper focus, and better decision-making. On the other hand, chronic sleep deprivation can lead to a range of health issues, including obesity, heart disease, and impaired immune function.

Establishing a regular sleep schedule, creating a relaxing bedtime routine, and optimizing sleep environment are key strategies for improving sleep quality. Avoiding caffeine and electronic screens before bedtime can also promote better sleep.

Prioritizing sleep is not a luxury—it's a necessity for optimal health and functioning. By making sleep a priority, individuals can reap the benefits of improved physical and mental well-being, leading to a happier, healthier life.","Proper sleep is essential for physical and mental health, impacting overall well-being.",The Importance of Sleep,"Unlock Your Full Potential: The Sleep Secrets You Need for a Healthier, Happier Life!"
"In today's fast-paced world, the simple pleasure of reading is often overlooked. Yet, diving into a good book offers numerous benefits beyond entertainment. Reading stimulates the mind, improves vocabulary, and enhances cognitive function. It transports us to different worlds, broadening perspectives and fostering empathy. Moreover, regular reading reduces stress, promotes relaxation, and improves sleep quality. With a vast array of genres and formats available, there's something for everyone, whether it's fiction, non-fiction, or poetry. So, dust off that bookshelf or download an e-book and immerse yourself in the joy of reading—it's a rewarding habit that nourishes the soul and enriches life in countless ways.





","Reading brings joy and intellectual stimulation, offering a mental escape.",The Joy of Reading,"Unlock the Secrets to a Happier, Smarter You: The Incredible Benefits of Reading Revealed!"
"Cooking isn't just about preparing meals; it's a creative and rewarding endeavor with numerous benefits. By cooking at home, individuals can control ingredients, portion sizes, and cooking methods, leading to healthier meals and better nutrition. Moreover, cooking fosters a sense of accomplishment and self-sufficiency, boosting confidence in the kitchen and beyond. It's also a great way to bond with family and friends, whether it's sharing recipes, cooking together, or enjoying a homemade meal. With the abundance of recipes available online and in cookbooks, anyone can become a proficient cook with a bit of practice and experimentation. So, roll up your sleeves, sharpen your knives, and embark on a culinary adventure—it's a journey that nourishes both body and soul.",Cooking at home promotes healthier eating and culinary skills.,The Art of Cooking,Become a Culinary Master: Unleash Your Inner Chef with These Cooking Secrets!
"Gardening offers more than just a beautiful outdoor space—it provides a myriad of physical, mental, and emotional benefits. Spending time in the garden can reduce stress, anxiety, and depression, while also promoting relaxation and mindfulness. It's a great way to stay active and get some exercise, whether it's planting, weeding, or harvesting. Additionally, gardening encourages healthier eating habits by providing access to fresh, homegrown produce. It fosters a sense of accomplishment and connection to nature, nurturing a greater appreciation for the environment. Whether you have a spacious backyard or a small balcony, anyone can enjoy the therapeutic joys of gardening. So grab your trowel and gloves, and start reaping the rewards of this fulfilling hobby.","Mindfulness is essential for managing stress in today's fast-paced world, offering techniques to improve mental well-being and overall health.",The Benefits of Gardening,"Secrets of the Green Thumb: Discover the Hidden Benefits of Gardening for Your Mind, Body, and Soul!"
"Maintaining good hygiene is crucial for overall health and well-being. Proper hygiene practices, such as regular handwashing, dental care, and bathing, help prevent the spread of germs and infections. They also promote personal grooming, boosting self-esteem and confidence. Teaching children about hygiene from a young age instills lifelong habits that contribute to a healthier lifestyle. Additionally, practicing good hygiene habits can prevent unpleasant odors and skin conditions. By prioritizing hygiene, individuals can protect themselves and those around them from illness, while also feeling clean, refreshed, and more comfortable in their own skin.","Good hygiene is essential for health, preventing illness and promoting cleanliness.",The Importance of Hygiene,"Hygiene Hacks: Unveiling the Secrets to a Healthier, Fresher You!"
"Journaling is more than just putting pen to paper—it's a powerful tool for self-expression and personal growth. Writing down thoughts, feelings, and experiences can help clarify emotions, reduce stress, and improve mental health. It's a safe space to explore creativity, set goals, and track progress. Additionally, journaling promotes mindfulness and self-awareness, allowing individuals to better understand themselves and their motivations. Whether it's a daily reflection, gratitude journal, or creative writing exercise, incorporating journaling into your routine can lead to greater clarity, resilience, and overall well-being. So, grab a notebook and start writing your way to a happier, healthier you!","Mindfulness is essential for managing stress in today's fast-paced world, offering techniques to improve mental well-being and overall health.","
The Benefits of Journaling",Unlock Your Inner Secrets: Transform Your Life with the Power of Journaling!
"In our fast-paced world, the idea of slowing down might seem counterintuitive. However, a simple practice like mindful walking can offer a myriad of benefits. Unlike the rush of daily life, mindful walking encourages individuals to pay attention to each step, each breath, and each sensation.

Research suggests that mindful walking can reduce stress, improve mood, and enhance overall well-being. By bringing awareness to the present moment, individuals can experience a sense of calm and clarity. Moreover, walking in nature amplifies these effects, connecting people with the natural world and fostering a deeper appreciation for the environment.

Beyond mental health benefits, mindful walking also promotes physical health. It encourages movement, which is crucial for maintaining a healthy lifestyle. Additionally, it can improve posture, balance, and coordination.

Incorporating mindful walking into daily routines doesn't require special equipment or a significant time commitment. It's a simple practice that can be done anywhere, anytime. Whether it's a leisurely stroll in the park or a brief walk around the neighborhood, taking the time to be present and mindful can make a world of difference in one's overall well-being.","Mindful walking combines exercise and mindfulness, reducing stress and improving focus.",The Surprising Benefits of Mindful Walking,10 Shocking Secrets Your Grocery Store Doesn't Want You to Know!
"Laughter is often called the best medicine, and for good reason. Scientific research has shown that laughter has numerous benefits for both mental and physical health. When we laugh, our brain releases endorphins, the body's natural feel-good chemicals. These endorphins promote an overall sense of well-being and can even temporarily relieve pain.

Laughter also reduces the level of stress hormones, such as cortisol and adrenaline. Lower levels of these hormones mean reduced stress and anxiety, leading to improved mental health. Moreover, a good laugh can stimulate circulation and aid muscle relaxation, both of which help reduce some of the physical symptoms of stress.

Physically, laughter boosts the immune system by increasing the number of antibody-producing cells and enhancing the effectiveness of T-cells. This means that regular laughter can improve your resistance to illnesses. Furthermore, laughter provides a mini-workout for your diaphragm, abs, and even your shoulders, leaving muscles more relaxed afterward.

Socially, laughter strengthens relationships by fostering emotional connections and improving mood. Sharing a laugh with friends or loved ones can help to bond and strengthen your relationships, creating a positive, supportive social environment.

Incorporating more laughter into your daily routine can be as simple as watching a funny movie, spending time with humorous friends, or engaging in playful activities. So, don’t underestimate the power of a good laugh—it’s a natural and effective way to boost your health and happiness.","Laughter releases endorphins, reduces stress hormones, boosts the immune system, and strengthens social bonds. It improves mental and physical health, providing a natural and effective way to enhance overall well-being.",The Science Behind Laughter: How It Benefits Your Health,Unlock the Secret Health Benefits of Laughter – What Doctors Won't Tell You!
"Music is more than just a form of entertainment; it has profound effects on our minds and bodies. Listening to music can significantly boost your mood and mental well-being. Studies have shown that music stimulates the release of dopamine, a neurotransmitter associated with pleasure and reward. This can lead to feelings of happiness and contentment.

Music also has a powerful impact on stress reduction. Slow, calming music can lower blood pressure, reduce heart rate, and decrease levels of cortisol, the stress hormone. This makes music a great tool for relaxation and stress management. Additionally, music therapy has been used to help patients with depression, anxiety, and other mental health conditions by providing an emotional outlet and promoting positive mood changes.

Physically, music can enhance performance during exercise. Upbeat and motivational tunes can increase endurance, improve coordination, and make physical activity more enjoyable. This is why many people create workout playlists to help them stay motivated and energized.

Socially, music brings people together. Whether at concerts, parties, or social gatherings, music fosters a sense of community and shared experience. It can also improve communication skills and empathy, as engaging with music often involves interpreting and expressing emotions.

Incorporating more music into your daily life can be as simple as listening to your favorite songs during your commute, creating themed playlists, or exploring new genres. The power of music is undeniable, offering a simple yet effective way to enhance your mental, physical, and social well-being.","Listening to music boosts mood by releasing dopamine, reduces stress by lowering cortisol levels, enhances exercise performance, and fosters social connections. Music therapy aids mental health, making music a simple and effective tool for improving overall well-being.",The Power of Music: How Listening to Your Favorite Tunes Can Improve Your,Transform Your Life Instantly: The Shocking Benefits of Listening to Music!
"Decluttering is more than just tidying up your home; it's a transformative process that can significantly improve your overall well-being. A clutter-free environment reduces stress and anxiety by creating a sense of order and calm. When your surroundings are organized, your mind feels more at ease, making it easier to relax and focus on tasks.

Research has shown that decluttering can boost productivity. An organized space allows you to find things more easily, saving time and reducing frustration. This efficiency can lead to increased motivation and a greater sense of accomplishment. Moreover, a tidy environment can improve your mental clarity, helping you think more clearly and make better decisions.

Decluttering also has emotional benefits. Letting go of unnecessary items can be a cathartic experience, helping you release negative emotions and attachments to the past. This process encourages mindfulness and promotes a more intentional way of living, where you surround yourself only with things that bring you joy and serve a purpose.

Physically, a clean space can improve your health. Reducing clutter can minimize dust, allergens, and tripping hazards, creating a safer and healthier living environment. It also encourages better hygiene and maintenance habits, leading to a cleaner, more pleasant home.

Incorporating regular decluttering into your routine doesn't have to be overwhelming. Start small, tackling one area at a time, and gradually work your way through your space. The hidden benefits of decluttering can lead to a more organized, peaceful, and fulfilling life.","Decluttering reduces stress, boosts productivity, and improves mental clarity. It offers emotional relief by letting go of unnecessary items and enhances physical health by minimizing allergens and hazards. Regular decluttering leads to a more organized, peaceful, and fulfilling life.",The Hidden Benefits of Decluttering: How a Tidy Space Transforms Your Life,"Declutter Your Space, Transform Your Life: The Surprising Benefits You Need to Know!"
"Machine learning, a subset of artificial intelligence, is revolutionizing various industries and transforming everyday life. By enabling computers to learn from data and improve their performance over time, machine learning has opened new possibilities in fields ranging from healthcare to finance.

In healthcare, machine learning algorithms are being used to predict disease outbreaks, personalize treatment plans, and even diagnose illnesses from medical images with remarkable accuracy. These advancements lead to earlier detection of diseases, improved patient outcomes, and more efficient healthcare systems.

The financial sector also benefits greatly from machine learning. Algorithms analyze vast amounts of data to detect fraudulent activities, assess credit risks, and automate trading strategies. This not only enhances security and efficiency but also provides more personalized financial services to consumers.

In the retail industry, machine learning is used to optimize inventory management, personalize marketing campaigns, and enhance customer experiences through recommendation systems. By understanding consumer behavior, businesses can offer tailored product suggestions, improving customer satisfaction and loyalty.

Machine learning is also making strides in autonomous vehicles, natural language processing, and environmental conservation. Self-driving cars use machine learning to navigate and make real-time decisions, while voice-activated assistants like Siri and Alexa rely on it to understand and respond to user queries. In environmental conservation, machine learning helps in monitoring wildlife populations and predicting climate change impacts.

The transformative impact of machine learning is evident in its ability to analyze complex data, make accurate predictions, and automate tasks. As technology continues to advance, the applications of machine learning will expand, further revolutionizing industries and enhancing daily life.","Machine learning revolutionizes industries by improving healthcare outcomes, enhancing financial security, optimizing retail experiences, and advancing autonomous technologies. Its ability to analyze data and automate tasks transforms daily life and drives innovation.",The Transformative Impact of Machine Learning: Revolutionizing Industries and Daily Life,Discover How Machine Learning is Secretly Transforming Your World – The Future is Now!
"Information retrieval and extraction are pivotal technologies in the age of big data, enabling us to transform vast amounts of unstructured data into meaningful insights. These technologies are fundamental in a variety of fields, from search engines to data analysis in business and academia.

Information retrieval involves finding relevant information from large datasets. Search engines like Google are prime examples, using complex algorithms to deliver the most pertinent results to user queries. These systems analyze keywords, context, and user behavior to improve search accuracy and relevance, making vast amounts of information accessible and manageable.

Information extraction, on the other hand, focuses on identifying and extracting specific pieces of information from unstructured data sources like text documents, emails, and social media posts. This technology uses natural language processing (NLP) to parse through text, recognize patterns, and extract relevant entities such as names, dates, and locations. This process is crucial for turning raw data into structured, actionable information.

In the business world, these technologies enable companies to gain insights from customer feedback, monitor brand sentiment, and track market trends. By analyzing large volumes of text data, businesses can identify emerging patterns and make data-driven decisions.

In the healthcare sector, information retrieval and extraction help in managing medical records, researching medical literature, and supporting clinical decision-making. These technologies streamline the process of accessing and utilizing vast medical data, leading to improved patient care and outcomes.

Academia also benefits from these technologies, as researchers can quickly sift through extensive literature to find relevant studies, track scientific developments, and extract necessary data for their work.

The power of information retrieval and extraction lies in their ability to make sense of large datasets, providing valuable insights that drive innovation and efficiency across various domains.","Information retrieval finds relevant information from large datasets, while information extraction identifies and extracts specific data from unstructured sources. These technologies enable better decision-making in business, healthcare, and academia by turning raw data into actionable insights.",Unlocking the Power of Information Retrieval and Extraction: Transforming Data into Insights,Revolutionize Your Data Game: How Information Retrieval and Extraction Can Uncover Hidden Gems!
"Natural Language Processing (NLP) is a transformative technology that enables computers to understand, interpret, and respond to human language. By bridging the gap between human communication and machine understanding, NLP is revolutionizing how we interact with technology and access information.

NLP is at the heart of many applications we use daily, from voice assistants like Siri and Alexa to real-time language translation services. These systems leverage advanced algorithms to process and analyze human language, making interactions with technology more intuitive and natural.

One of the most significant impacts of NLP is in customer service. Chatbots powered by NLP can handle a wide range of queries, providing instant support and freeing human agents to focus on more complex issues. This not only improves efficiency but also enhances customer satisfaction by providing quick and accurate responses.

In healthcare, NLP helps in processing and analyzing clinical notes, extracting relevant information to support medical decisions and research. By converting unstructured medical records into structured data, NLP facilitates better patient care and streamlines healthcare operations.

The business sector benefits from NLP through sentiment analysis, which gauges public opinion on products and services by analyzing social media posts, reviews, and feedback. This insight allows companies to understand consumer sentiment, tailor their strategies, and improve their offerings.

NLP is also making strides in accessibility, helping to create more inclusive technologies. Speech-to-text and text-to-speech applications assist individuals with disabilities, providing tools that enable better communication and interaction with digital devices.

The potential of NLP extends to education as well, where it aids in developing personalized learning experiences. By analyzing student interactions and performance, NLP can help tailor educational content to meet individual needs, enhancing learning outcomes.

The incredible potential of NLP lies in its ability to transform vast amounts of unstructured language data into meaningful and actionable insights, making technology more accessible, efficient, and responsive to human needs.","Natural Language Processing (NLP) enhances human-computer interaction by understanding and responding to human language. It improves customer service, healthcare, business insights, accessibility, and education by transforming unstructured data into actionable information.",The Incredible Potential of Natural Language Processing: Bridging Human and Machine Communication,Unlock the Future: How Natural Language Processing is Transforming Technology and Our Lives!
"Artificial Intelligence (AI) is revolutionizing technology and society, transforming the way we live, work, and interact. By enabling machines to learn, reason, and make decisions, AI is driving innovation across various industries and creating new possibilities for the future.

In healthcare, AI is enhancing diagnostics, personalizing treatment plans, and predicting patient outcomes. Machine learning algorithms analyze vast amounts of medical data to identify patterns and make accurate diagnoses, often surpassing human capabilities. AI-powered tools assist doctors in developing tailored treatment plans based on individual patient profiles, improving the quality of care and patient outcomes.

The automotive industry is witnessing a revolution with the advent of AI-driven autonomous vehicles. These self-driving cars use AI to navigate complex environments, make real-time decisions, and improve road safety. The integration of AI in transportation promises to reduce accidents, optimize traffic flow, and provide greater mobility options.

AI is also transforming the business world by automating routine tasks, analyzing large datasets, and providing predictive insights. Businesses leverage AI for customer service through chatbots, which handle queries efficiently and improve customer satisfaction. AI-driven analytics help companies understand market trends, optimize operations, and make data-driven decisions.

In the realm of entertainment, AI is personalizing content recommendations, creating immersive experiences, and even composing music and writing stories. Streaming services use AI to analyze user preferences and suggest relevant content, enhancing user engagement and satisfaction.

Education is another sector benefiting from AI. Intelligent tutoring systems provide personalized learning experiences, adapting to the needs and progress of each student. AI-powered tools assist educators in identifying learning gaps and tailoring instruction to improve educational outcomes.

AI's impact extends to environmental conservation as well. AI algorithms monitor wildlife populations, predict natural disasters, and optimize resource management, contributing to more effective conservation efforts and sustainable practices.

The revolutionary impact of AI lies in its ability to process and analyze vast amounts of data, make intelligent decisions, and perform tasks autonomously. As AI continues to advance, it will further reshape industries and enhance our daily lives, leading to a more efficient and connected world.","Artificial Intelligence (AI) is transforming healthcare, transportation, business, entertainment, education, and environmental conservation. By automating tasks, analyzing data, and making intelligent decisions, AI enhances efficiency and creates new possibilities across various sectors.",The Revolutionary Impact of Artificial Intelligence: Shaping the Future of Technology and Society,Discover How AI is Secretly Revolutionizing Every Aspect of Your Life – The Future is Here!
"Cat purring is one of the most fascinating and comforting sounds in the animal kingdom. While it’s commonly associated with a cat's contentment, the science behind purring reveals a range of benefits for both cats and humans.

Cats purr at a frequency between 25 and 150 Hertz, a range that has been shown to promote healing and tissue regeneration. This purring frequency can help to heal bones, reduce pain, and ease breathing for cats. It’s believed that purring serves as a self-healing mechanism, helping cats recover more quickly from injuries and illnesses.

For humans, the soothing sound of a cat’s purr can reduce stress and lower blood pressure. The act of petting a purring cat releases endorphins, which can help alleviate feelings of anxiety and depression. The rhythmic vibrations and gentle sound provide a calming effect, making it easier to relax and unwind.

Interestingly, cat purring can also strengthen the bond between cats and their owners. The sound can signify a range of emotions, from contentment to a request for attention, helping owners better understand their feline friends. This deeper connection can enhance the overall experience of having a pet, fostering a sense of companionship and mutual affection.

Moreover, the benefits of cat purring extend to therapeutic settings. Therapy cats, often used in hospitals and nursing homes, provide comfort and emotional support to patients. The calming effect of their purring can help reduce stress and promote healing in human patients, making therapy cats valuable companions in medical environments.

Understanding the science behind cat purring underscores the profound impact these sounds can have on well-being. The next time your cat curls up and starts to purr, take a moment to appreciate the remarkable benefits this simple act can bring to both of you.","Cat purring, occurring at healing frequencies, benefits both cats and humans by promoting healing, reducing stress, and lowering blood pressure. It strengthens the bond between cats and owners and provides therapeutic benefits in medical settings.",The Science of Cat Purring: How It Benefits Both Cats and Humans,Uncover the Healing Power of Cat Purrs: The Secret Health Benefits for You and Your Feline Friend!
"Dogs have long been known as man's best friend, and the benefits of having a canine companion extend far beyond companionship. Owning a dog can significantly enhance both your physical and mental well-being, making them valuable members of the family.

One of the most noticeable benefits of owning a dog is increased physical activity. Dogs require regular walks and playtime, which encourages their owners to stay active. This increased exercise can lead to improved cardiovascular health, weight management, and overall fitness. Regular physical activity also boosts mood and energy levels, contributing to better mental health.

Dogs provide emotional support and companionship, which can reduce feelings of loneliness and depression. The unconditional love and loyalty of a dog create a sense of connection and belonging, fostering emotional stability. Interacting with dogs releases oxytocin, the ""love hormone,"" which promotes feelings of happiness and reduces stress and anxiety.

The presence of a dog can also improve social interactions. Dog owners often connect with other pet owners during walks, at dog parks, or in pet-related activities, building a sense of community and enhancing social networks. These interactions can lead to new friendships and provide a support system for dog owners.

In addition to emotional and social benefits, dogs can improve safety and security. Their keen senses and protective instincts make them excellent watchdogs, alerting their owners to potential dangers and providing a sense of security. This protective presence can be particularly comforting for individuals living alone.

Dogs also offer therapeutic benefits. Therapy dogs are used in various settings, including hospitals, nursing homes, and schools, to provide comfort and support to individuals dealing with stress, illness, or trauma. The calming presence of a dog can help reduce anxiety, lower blood pressure, and promote healing.

Incorporating a dog into your life can bring numerous benefits, from increased physical activity and improved mental health to enhanced social interactions and safety. The remarkable bond between humans and dogs enriches lives, making these loyal companions an invaluable part of our daily existence.","Owning a dog boosts physical activity, improves cardiovascular health, and enhances mental well-being. Dogs provide emotional support, reduce loneliness, improve social interactions, and offer safety and therapeutic benefits, enriching their owners' lives.",The Remarkable Benefits of Owning a Dog: Enhancing Health and Happiness,Discover How Owning a Dog Can Transform Your Life: The Incredible Health and Happiness Benefits!
"Pandas, with their distinctive black-and-white fur and playful demeanor, have long captivated the hearts of people worldwide. Beyond their charming appearance, pandas play a crucial role in their ecosystems, and significant efforts are being made to ensure their conservation and survival.

Native to the mountainous regions of central China, pandas primarily feed on bamboo, which constitutes over 99% of their diet. This dietary specialization means they play a vital role in maintaining the health of bamboo forests, which in turn support numerous other species. By preserving pandas, we also protect these critical habitats and the biodiversity they sustain.

Pandas were once on the brink of extinction due to habitat loss and poaching. However, concerted conservation efforts have led to a remarkable recovery. The Chinese government, along with international organizations, has established numerous panda reserves and implemented reforestation projects to restore bamboo forests. These efforts have created safe havens for pandas to live and breed, significantly increasing their population.

Breeding programs in captivity have also been successful. Zoos and research centers worldwide participate in breeding initiatives to boost panda numbers. These programs include sophisticated techniques to encourage reproduction and ensure genetic diversity. The cubs born in these facilities are often reintroduced into the wild, further bolstering wild populations.

Moreover, pandas serve as global ambassadors for conservation. Their popularity helps raise awareness and funds for broader wildlife conservation efforts. By focusing on pandas, conservationists can highlight the importance of protecting endangered species and their habitats, fostering a greater appreciation for wildlife and environmental stewardship.

Despite these successes, pandas still face challenges. Climate change poses a threat to bamboo forests, and ongoing habitat fragmentation can isolate panda populations. Continued efforts are needed to address these issues, ensuring that pandas and their habitats thrive for generations to come.

The fascinating world of pandas showcases the importance of conservation efforts. By protecting these beloved animals, we also safeguard the rich biodiversity of their ecosystems, demonstrating the profound impact of dedicated conservation work.","Pandas play a crucial role in bamboo forest ecosystems. Conservation efforts, including habitat restoration and breeding programs, have significantly increased their population. Pandas raise global awareness for wildlife conservation, highlighting the importance of protecting endangered species.",The Fascinating World of Pandas: Conservation Efforts and Their Impact,How Pandas Are Saving the World: The Surprising Impact of Conservation Efforts!
"Capybaras, the world's largest rodents, are fascinating creatures known for their gentle nature and social behavior. Native to South America, these semi-aquatic mammals inhabit regions near water bodies, such as rivers, lakes, and marshes, where they play a vital role in their ecosystems.

Capybaras are highly social animals, often found in groups ranging from 10 to 20 individuals. Their social structure and cooperative behaviors are essential for their survival. Living in groups provides protection from predators, such as jaguars, anacondas, and caimans. Capybaras communicate through a variety of sounds, including barks, whistles, and purrs, to coordinate group activities and alert each other of potential dangers.

One of the most remarkable aspects of capybaras is their adaptability to both land and water. They are excellent swimmers, with webbed feet that aid in navigating aquatic environments. Capybaras often take refuge in water to escape predators and regulate their body temperature. Their diet primarily consists of grasses and aquatic plants, which they graze on for several hours each day.

Capybaras play a crucial role in their ecosystems by maintaining the balance of vegetation near water bodies. Their grazing habits help control plant growth, which in turn supports a diverse array of wildlife. Additionally, capybaras are a key food source for many predators, contributing to the health of the local food web.

In recent years, capybaras have gained popularity as exotic pets due to their docile temperament and social nature. However, owning a capybara requires significant commitment and understanding of their needs. They require ample space, a water source for swimming, and a social environment, as they thrive in the company of their own kind.

Conservation efforts for capybaras focus on preserving their natural habitats and protecting them from hunting and habitat destruction. Ensuring the health of wetland ecosystems is vital for the survival of capybaras and the myriad of species that share their environment.

The unique world of capybaras highlights the importance of understanding and protecting these gentle giants. Their social behavior, adaptability, and ecological significance make them a fascinating subject of study and a crucial component of their natural habitats.","Capybaras are social, semi-aquatic rodents native to South America. They play a key role in ecosystems by controlling vegetation and serving as prey for predators. Their adaptability and social nature make them fascinating and important to wetland health.",The Gentle Giants of the Wetlands: The Unique World of Capybaras,Meet the World's Friendliest Giant: The Astonishing Life of Capybaras and Their Ecological Impact!
"Austria, nestled in the heart of Europe, is a country renowned for its breathtaking landscapes, rich cultural heritage, and historical significance. From the majestic Alps to the charming cities, Austria offers a unique blend of natural beauty and cultural treasures.

Vienna, the capital, is a city steeped in history and culture. Known for its classical music legacy, it was home to famous composers like Mozart, Beethoven, and Strauss. Visitors can explore grand palaces such as Schönbrunn and Hofburg, which showcase the opulence of the Habsburg dynasty. The city's vibrant cultural scene includes world-class museums, theaters, and the renowned Vienna State Opera.

Beyond Vienna, Austria's diverse regions offer a variety of experiences. Salzburg, the birthplace of Mozart, enchants visitors with its baroque architecture and the iconic Hohensalzburg Fortress. The picturesque old town, a UNESCO World Heritage site, is filled with historic buildings and charming squares.

The Austrian Alps are a paradise for outdoor enthusiasts. In winter, they transform into a haven for skiing and snowboarding, with world-famous resorts like Kitzbühel and St. Anton. During the summer, the Alps offer opportunities for hiking, mountain biking, and breathtaking scenic views. The Grossglockner High Alpine Road provides a stunning drive through the mountains, offering panoramic vistas of Austria's highest peak, the Grossglockner.

Austria is also known for its culinary delights. Traditional dishes such as Wiener Schnitzel, Tafelspitz, and Sachertorte are a must-try. The country’s wine regions, like Wachau Valley, produce some of Europe's finest white wines, making it a destination for food and wine lovers.

Festivals and events play a significant role in Austrian culture. The Salzburg Festival, one of the world's most prestigious music festivals, attracts thousands of visitors each summer. The traditional Christmas markets, held in cities and towns across the country, offer a magical experience with festive decorations, crafts, and delicious seasonal treats.

Austria’s commitment to preserving its natural and cultural heritage is evident in its numerous national parks and protected areas. Places like the Hohe Tauern National Park offer pristine natural beauty and opportunities to encounter wildlife in their natural habitats.

Austria's unique combination of historical richness, cultural vibrancy, and stunning landscapes makes it a captivating destination for travelers. Whether exploring historic cities, enjoying outdoor adventures, or savoring culinary delights, Austria promises an unforgettable experience.","Austria combines rich history, cultural heritage, and stunning landscapes. From Vienna's musical legacy and historic palaces to the Alpine outdoor adventures and culinary delights, Austria offers diverse experiences, making it a captivating travel destination.",Discovering Austria: A Blend of Rich History and Stunning Landscapes,Unlock the Hidden Gems of Austria: From Majestic Mountains to Cultural Treasures!
"Vienna, the capital of Austria, is a city that beautifully marries its imperial past with a vibrant present. Renowned for its stunning architecture, rich cultural heritage, and musical legacy, Vienna offers an array of experiences that captivate visitors from around the world.

One of the most iconic landmarks in Vienna is the Schönbrunn Palace, a UNESCO World Heritage site. This former summer residence of the Habsburg monarchs is a magnificent example of Baroque architecture, featuring opulent rooms, beautiful gardens, and the world’s oldest zoo. Another architectural marvel is the Hofburg Palace, the former imperial winter residence, which now houses several museums and the Austrian National Library.

Vienna is often called the ""City of Music"" due to its profound influence on the world of classical music. The city was home to legendary composers such as Mozart, Beethoven, and Strauss. The Vienna State Opera, one of the leading opera houses globally, offers world-class performances that attract music enthusiasts from all corners of the globe. Additionally, the Musikverein, known for its exceptional acoustics, hosts the famous Vienna Philharmonic Orchestra.

The city’s historic center, a UNESCO World Heritage site, is a treasure trove of architectural gems. St. Stephen’s Cathedral, with its stunning Gothic design and iconic multi-colored tile roof, stands at the heart of Vienna. The Ringstrasse, a grand boulevard encircling the inner city, is lined with impressive buildings, including the Austrian Parliament, Vienna City Hall, and the Burgtheater.

Vienna’s museums are among the finest in the world. The Kunsthistorisches Museum boasts an extensive collection of art from the Habsburgs, including works by masters such as Rembrandt and Vermeer. The Belvedere Palace, another Baroque masterpiece, houses an impressive collection of Austrian art, including Gustav Klimt’s famous painting ""The Kiss.""

Culinary delights are an integral part of Vienna’s charm. Traditional Viennese coffee houses are perfect for relaxing and enjoying a slice of Sachertorte, a rich chocolate cake. The Naschmarkt, Vienna’s largest open-air market, offers a variety of fresh produce, spices, and international delicacies.

Vienna also hosts numerous festivals and events throughout the year. The Vienna Film Festival, the Vienna Jazz Festival, and the festive Christmas markets add to the city’s dynamic cultural calendar. These events provide opportunities to experience Vienna’s lively arts scene and festive spirit.

With its blend of historical grandeur, cultural richness, and modern vibrancy, Vienna is a city that enchants and inspires. Whether you’re exploring its majestic palaces, enjoying a classical concert, or simply strolling through its elegant streets, Vienna offers an unforgettable journey through time and culture.","Vienna combines imperial history with vibrant cultural life, featuring iconic landmarks like Schönbrunn and Hofburg Palaces, world-class music venues, and renowned museums. Its coffee houses, markets, and festivals add to the city’s charm, making it a captivating destination.",Exploring Vienna: A City of Timeless Elegance and Cultural Riches,Discover Vienna’s Hidden Charms: From Majestic Palaces to World-Class Music!
"Urbanism is at the forefront of addressing the challenges and opportunities presented by rapid urbanization. As more people move to cities, urban planners and architects are reimagining how cities are designed to create sustainable, livable, and resilient urban environments.

One of the key principles of modern urbanism is sustainability. Cities are increasingly adopting green building practices, promoting energy efficiency, and incorporating renewable energy sources. Green roofs, solar panels, and energy-efficient buildings reduce the carbon footprint of urban areas. Additionally, cities are implementing policies to encourage the use of public transportation, cycling, and walking to decrease reliance on cars and reduce air pollution.

Public spaces are central to urbanism, providing areas for recreation, social interaction, and cultural activities. Parks, plazas, and pedestrian zones enhance the quality of life for city dwellers. These spaces are designed to be accessible and inclusive, offering a place for community engagement and relaxation. The integration of nature within urban environments, such as urban forests and green corridors, not only improves aesthetics but also supports biodiversity and reduces the urban heat island effect.

Mixed-use development is another important aspect of urbanism. Combining residential, commercial, and recreational spaces within the same area creates vibrant and dynamic neighborhoods. This approach reduces the need for long commutes, fosters local businesses, and enhances the sense of community. Mixed-use developments often feature pedestrian-friendly designs, with streetscapes that prioritize people over cars.

Smart cities represent the intersection of technology and urbanism. The use of data and technology to manage city infrastructure and services leads to more efficient and responsive urban environments. Smart grids, intelligent transportation systems, and real-time data analytics help cities optimize resources and improve the quality of life for residents. For example, smart traffic management systems reduce congestion and improve public transportation efficiency.

Affordable housing is a critical challenge in many cities, and urbanism addresses this by promoting diverse housing options and innovative housing solutions. Inclusionary zoning, co-housing, and modular construction are some strategies being employed to ensure that housing is accessible to all income levels. Creating affordable housing in proximity to employment centers and public transportation further supports sustainable urban living.

Resilience is another key focus of urbanism. Cities must be prepared to withstand and recover from environmental, economic, and social challenges. This includes designing infrastructure that can handle extreme weather events, creating adaptable public spaces, and fostering strong community networks. Resilient urban planning ensures that cities can maintain functionality and support their residents during times of crisis.

The future of urbanism lies in creating cities that are not only functional and efficient but also equitable, inclusive, and resilient. By embracing sustainable practices, leveraging technology, and prioritizing the well-being of residents, urban planners can design cities that are ready to meet the challenges of the 21st century.","Modern urbanism focuses on sustainability, public spaces, mixed-use development, smart technology, affordable housing, and resilience. These principles aim to create functional, equitable, and resilient cities that enhance the quality of life for all residents.",The Future of Urbanism: Designing Sustainable and Livable Cities,Discover the Future of Cities: How Urbanism is Transforming Urban Life!
"Sustainable architecture is revolutionizing the way we design and construct buildings, emphasizing the need for eco-friendly practices and materials. This approach not only reduces the environmental impact of buildings but also promotes healthier living and working environments.

One of the key elements of sustainable architecture is the use of renewable and recycled materials. Architects are increasingly incorporating materials such as bamboo, reclaimed wood, and recycled steel into their designs. These materials reduce the reliance on non-renewable resources and minimize waste. For instance, the Bullitt Center in Seattle is renowned for its use of sustainable materials, making it one of the greenest commercial buildings in the world.

Energy efficiency is another cornerstone of sustainable architecture. Buildings are designed to maximize natural light and ventilation, reducing the need for artificial lighting and air conditioning. Solar panels, green roofs, and high-performance insulation are commonly used to lower energy consumption. The Edge in Amsterdam, often dubbed the world's most sustainable office building, utilizes smart technology and renewable energy sources to achieve net-zero energy consumption.

Water conservation is also integral to sustainable architecture. Innovative systems such as rainwater harvesting, greywater recycling, and low-flow fixtures help reduce water usage. The Bosco Verticale in Milan, a pair of residential towers, features extensive greenery that not only improves air quality but also incorporates water-saving technologies to maintain the plants.

Green roofs and walls are increasingly popular in sustainable designs. These living systems provide insulation, reduce the urban heat island effect, and promote biodiversity. Pioneering projects like the ACROS Fukuoka Prefectural International Hall in Japan showcase how integrating green spaces into buildings can create urban oases while benefiting the environment.

Sustainable architecture also focuses on the health and well-being of occupants. The use of non-toxic, low-emission materials improves indoor air quality, reducing the risk of health issues associated with pollutants. Biophilic design principles, which incorporate natural elements into indoor spaces, enhance mental well-being and productivity. The Google headquarters in London exemplifies this approach, with extensive use of natural light, plants, and eco-friendly materials.

Adaptive reuse is another important aspect of sustainable architecture. By repurposing existing structures, architects can reduce the environmental impact of demolition and new construction. The High Line in New York City, a former elevated railway turned public park, is a prime example of how adaptive reuse can transform urban spaces into vibrant community assets.

The benefits of sustainable architecture extend beyond environmental impact. These buildings often have lower operating costs due to reduced energy and water consumption. They also contribute to the creation of resilient communities by promoting sustainable practices and enhancing the quality of life for residents.

Sustainable architecture is not just a trend but a necessary evolution in building design. By prioritizing eco-friendly practices and materials, architects are paving the way for a greener, healthier future.","Sustainable architecture focuses on renewable materials, energy efficiency, water conservation, green roofs, and adaptive reuse. This approach reduces environmental impact, lowers operating costs, and enhances occupant well-being, promoting a greener, healthier future.",The Marvels of Sustainable Architecture: Building a Greener Future,How Sustainable Architecture is Revolutionizing the Way We Build – The Future is Green!
"Universities are undergoing significant transformations to adapt to the digital age, embracing innovative technologies and methodologies to enhance education and research. This evolution is reshaping the landscape of higher education, making it more accessible, flexible, and efficient.

One of the most impactful changes is the integration of online learning platforms. Universities are increasingly offering online courses and degree programs, enabling students to access quality education from anywhere in the world. Institutions like the Massachusetts Institute of Technology (MIT) and Stanford University have pioneered this movement with their extensive online course offerings, often available for free through platforms like edX and Coursera. These courses provide flexible learning opportunities, allowing students to learn at their own pace and balance their studies with other commitments.

Blended learning, which combines online and face-to-face instruction, is also becoming a standard approach. This model leverages the best of both worlds, offering the flexibility of online education with the benefits of in-person interaction. The University of Michigan, for example, uses blended learning extensively to enhance student engagement and improve learning outcomes.

The use of artificial intelligence (AI) and data analytics is revolutionizing how universities operate. AI-driven tools are being used to personalize learning experiences, provide real-time feedback, and support administrative functions. Georgia State University has implemented AI chatbots to assist students with administrative queries, improving efficiency and student satisfaction. Data analytics help universities track student performance and identify at-risk students, enabling timely interventions to support their success.

Research is another area significantly impacted by digital advancements. Universities are leveraging big data and advanced computational tools to conduct cutting-edge research across various fields. The University of California, Berkeley, is at the forefront of using big data to advance research in areas such as genomics, climate science, and artificial intelligence. These technologies enable researchers to analyze large datasets quickly and accurately, driving innovation and discovery.

Digital libraries and open access resources have transformed the availability of academic materials. Universities are investing in digital repositories to provide students and researchers with easy access to a vast array of scholarly articles, books, and data. Harvard University's Digital Access to Scholarship at Harvard (DASH) repository exemplifies this trend, offering a wealth of academic resources to the global research community.

Virtual and augmented reality (VR/AR) are enhancing educational experiences by providing immersive learning environments. Medical schools, such as those at Stanford University and Imperial College London, use VR to simulate surgical procedures and medical scenarios, allowing students to practice skills in a safe, controlled environment.

The digital transformation of universities is not without challenges. Issues such as digital divide, cybersecurity, and the need for continuous faculty training are critical considerations. However, the benefits of embracing digital technologies in higher education are profound, making education more accessible, personalized, and effective.

The evolution of universities in the digital age is a testament to their adaptability and commitment to advancing knowledge. By integrating innovative technologies, universities are preparing students for the demands of the modern world and driving forward the frontiers of research and education.","Universities are embracing online learning, AI, data analytics, digital libraries, and VR/AR to enhance education and research. These innovations make education more accessible, personalized, and effective, preparing students for modern demands and advancing research.",The Evolution of Universities: Adapting to the Digital Age,How Universities are Embracing the Digital Revolution – The Future of Education is Here!
"Introverts are often misunderstood in a world that celebrates extroversion. However, understanding the unique strengths of introverts can provide valuable insights into their contributions to society. Introverts are individuals who find energy and rejuvenation from solitude rather than social interactions. This preference for internal reflection often translates into a number of distinctive strengths.

One of the primary strengths of introverts is their ability to focus deeply. Unlike extroverts who might seek external stimulation, introverts are often able to immerse themselves in tasks for extended periods. This deep focus can lead to high levels of productivity and creativity. For example, many writers, artists, and scientists who have made significant contributions to their fields identify as introverts. Their ability to work independently and concentrate deeply on their projects often results in groundbreaking work.

Introverts are also known for their strong listening skills. They tend to think before they speak, which can make them excellent communicators and empathetic listeners. This ability to listen and process information thoroughly allows introverts to build strong, meaningful relationships. Their thoughtful nature often makes others feel heard and understood, fostering deeper connections.

Moreover, introverts excel in environments that require critical thinking and problem-solving. Their preference for solitude allows them to approach problems with a calm and reflective mindset, often leading to innovative solutions. Introverts are able to see details that others might overlook, providing unique perspectives that are valuable in both personal and professional settings.

Another strength of introverts is their capacity for self-awareness. Spending time alone enables introverts to reflect on their thoughts, emotions, and actions. This self-awareness can lead to greater emotional intelligence, as introverts are often in tune with their own feelings and the feelings of others. This trait can be particularly beneficial in leadership roles, where understanding and managing emotions is crucial.

Introverts also bring a sense of calm and stability to their environments. In stressful situations, their composed demeanor can help to diffuse tension and create a more peaceful atmosphere. This calming presence can be reassuring to colleagues and friends alike, making introverts valuable team members in high-pressure scenarios.

It's important to recognize that introversion is not a limitation but a different way of experiencing and interacting with the world. By embracing their unique strengths, introverts can make significant contributions to their communities and workplaces. Understanding and appreciating these strengths can lead to more inclusive and balanced environments where both introverts and extroverts can thrive.","Introverts possess unique strengths such as deep focus, strong listening skills, critical thinking, self-awareness, and a calming presence. These traits enable them to contribute significantly to personal and professional environments, fostering innovation and meaningful connections.",The Fascinating World of Introverts: Understanding Their Unique Strengths,Unlock the Hidden Power of Introverts: Why Their Unique Strengths Are Changing the World!
"Social media has transformed the way we communicate, share information, and connect with others. While it offers numerous benefits, such as staying in touch with loved ones and accessing real-time news, the impact of social media on mental health is a topic of growing concern.

One significant issue is the comparison trap. Social media platforms often showcase curated highlights of people's lives, leading users to compare themselves to these idealized images. This constant comparison can result in feelings of inadequacy, low self-esteem, and depression. Studies have shown that heavy social media use is linked to increased levels of anxiety and depression, particularly among young people.

Cyberbullying is another detrimental aspect of social media. The anonymity provided by online platforms can embolden individuals to harass or bully others. Victims of cyberbullying often experience severe emotional distress, including anxiety, depression, and in extreme cases, suicidal thoughts. The pervasive nature of social media means that such bullying can be relentless and far-reaching.

Social media can also disrupt sleep patterns. The blue light emitted by screens interferes with the production of melatonin, the hormone that regulates sleep. Additionally, the addictive nature of social media can lead to excessive use, particularly before bedtime, resulting in poor sleep quality and insomnia. Poor sleep, in turn, can negatively affect mental health, exacerbating issues like anxiety and depression.

On the positive side, social media can offer support and community. Online support groups and communities can provide a sense of belonging and connection for individuals facing similar challenges. Mental health advocates and organizations use social media to raise awareness, share resources, and promote positive mental health practices.

To mitigate the negative impacts of social media, it's essential to practice mindful usage. Setting boundaries, such as limiting screen time and turning off notifications, can help reduce the addictive pull of social media. Curating your feed to include positive and inspiring content, and unfollowing accounts that trigger negative emotions, can also improve your mental well-being.

Moreover, engaging in digital detoxes—periodic breaks from social media—can help reset your mental state and reduce stress. During these breaks, focusing on offline activities, such as reading, exercising, or spending time with loved ones, can enhance your overall well-being.

Understanding the complex relationship between social media and mental health is crucial for navigating the digital landscape effectively. By being mindful of your social media habits and making conscious efforts to protect your mental health, you can enjoy the benefits of social media while minimizing its adverse effects.","Social media impacts mental health through comparison, cyberbullying, and sleep disruption. However, it also offers support and community. Practicing mindful usage, setting boundaries, and taking digital detoxes can mitigate negative effects and enhance well-being.",The Impact of Social Media on Mental Health: Navigating the Digital Landscape,Is Social Media Ruining Your Mental Health? Discover How to Take Control and Thrive!
"Computer games are often criticized for their potential negative impacts, such as addiction and reduced physical activity. However, they also offer a range of positive effects that are frequently overlooked. From enhancing cognitive skills to fostering social connections, computer games can provide valuable benefits.

One significant advantage of computer games is the improvement of cognitive abilities. Many games require players to solve complex problems, strategize, and think critically. This can enhance problem-solving skills, spatial awareness, and memory. For example, puzzle games like ""Portal"" challenge players to navigate intricate environments, boosting their logical thinking and spatial reasoning.

Computer games also promote creativity. Sandbox games like ""Minecraft"" allow players to build and explore virtual worlds, encouraging imagination and innovative thinking. These games provide a platform for creative expression, where players can design structures, landscapes, and even entire communities.

Social interaction is another positive aspect of computer games. Multiplayer games and online communities offer opportunities for socializing and teamwork. Games like ""Fortnite"" and ""Among Us"" require players to collaborate, communicate, and strategize together, fostering a sense of community and teamwork. These interactions can lead to lasting friendships and provide a sense of belonging, especially for individuals who may struggle with social interactions in real life.

Furthermore, computer games can be a source of stress relief. Engaging in immersive gameplay can provide an escape from daily stresses and a way to relax and unwind. Games with rich narratives and engaging worlds, such as ""The Witcher 3"" or ""The Legend of Zelda: Breath of the Wild,"" offer players a chance to immerse themselves in different realities, providing a mental break from their routine.

Educational games also play a vital role in learning. Games designed for educational purposes, like ""Kerbal Space Program"" or ""Civilization,"" teach players about physics, history, and strategic planning. These games make learning interactive and fun, helping to reinforce educational concepts through gameplay.

Additionally, computer games can enhance hand-eye coordination and reaction times. Action games, in particular, require quick reflexes and precise movements, which can translate to improved motor skills and coordination in real-life activities.

It is essential to approach computer games with balance and moderation. Setting limits on gaming time and ensuring it does not interfere with other important activities, such as physical exercise and social interactions, is crucial. Parents and educators can guide young players to choose games that offer positive experiences and learning opportunities.

In conclusion, while computer games often receive criticism, they also offer numerous benefits that can enhance cognitive skills, creativity, social interactions, and stress relief. By embracing the positive aspects and promoting balanced gaming habits, computer games can be a valuable addition to a well-rounded lifestyle.","Computer games improve cognitive skills, creativity, social interactions, and hand-eye coordination. They offer stress relief and educational benefits. Balanced gaming habits ensure these positive effects are maximized without interfering with other important activities.",The Positive Effects of Computer Games: Beyond Entertainment,Surprising Benefits of Computer Games: How Gaming Can Boost Your Brain and Social Life!
"The Hollywood film industry has undergone significant transformations since its inception, evolving from the Golden Age of cinema to the current digital era. This evolution reflects changes in technology, storytelling, and audience preferences, shaping Hollywood into the global entertainment powerhouse it is today.

The Golden Age of Hollywood, spanning from the 1920s to the 1960s, was characterized by the dominance of major studios such as MGM, Paramount, and Warner Bros. This era saw the rise of iconic stars like Marilyn Monroe, Humphrey Bogart, and Audrey Hepburn, and the production of classic films such as ""Gone with the Wind,"" ""Casablanca,"" and ""The Wizard of Oz."" The studio system controlled every aspect of filmmaking, from production to distribution, ensuring high production values and consistent output.

However, the decline of the studio system in the 1960s marked a significant shift in the industry. Independent filmmakers began to emerge, bringing fresh perspectives and innovative storytelling techniques. This period gave rise to influential directors like Martin Scorsese, Steven Spielberg, and Francis Ford Coppola, who pushed the boundaries of cinema with groundbreaking films such as ""Taxi Driver,"" ""Jaws,"" and ""The Godfather.""

The advent of digital technology in the late 20th and early 21st centuries revolutionized the film industry once again. Digital cameras and editing software made filmmaking more accessible and affordable, allowing independent filmmakers to produce high-quality content without the backing of major studios. This democratization of filmmaking led to a surge in diverse voices and stories, enriching the cinematic landscape.

Special effects and computer-generated imagery (CGI) have become integral to modern filmmaking, enabling the creation of visually stunning and imaginative worlds. Blockbusters like ""Avatar,"" ""The Avengers,"" and ""Jurassic Park"" showcase the power of digital technology to bring fantastical stories to life. These advancements have also expanded the scope of storytelling, allowing filmmakers to explore complex narratives and immersive experiences.

The rise of streaming platforms like Netflix, Amazon Prime, and Disney+ has further transformed the industry. These platforms provide instant access to a vast library of films and TV shows, catering to the changing viewing habits of audiences who prefer on-demand content. The success of streaming services has also led to a surge in original content production, with platforms investing heavily in exclusive films and series.

Moreover, Hollywood has increasingly embraced global markets, recognizing the importance of international audiences. Co-productions with foreign studios, international premieres, and the incorporation of diverse cultural elements have become common strategies to appeal to a global audience. Films like ""Black Panther"" and ""Crazy Rich Asians"" reflect Hollywood's growing commitment to diversity and representation.

Despite these advancements, the industry faces ongoing challenges, including issues related to intellectual property, piracy, and the impact of the COVID-19 pandemic on theatrical releases. However, Hollywood continues to adapt, leveraging technology and innovation to overcome obstacles and deliver captivating content.

The evolution of the Hollywood film industry demonstrates its resilience and adaptability. From the Golden Age to the digital era, Hollywood has continually reinvented itself, embracing new technologies and storytelling methods to captivate audiences worldwide.","The Hollywood film industry has evolved from the Golden Age's studio dominance to the digital era's technological advancements. Key transformations include the rise of independent filmmaking, digital technology, CGI, and streaming platforms, enriching storytelling and global audience engagement.",The Evolution of the Hollywood Film Industry: From Golden Age to Digital Era,Hollywood's Incredible Transformation: How the Film Industry Evolved to Captivate the World!